Column1, Column2, Column3
1,"aaaaaaa","bbbbbb"
2,"aaaaaaa","bbbbbb"
3,"aaaaaaa","bbbbbb"
4,"aaaaaaa","bbbbbb"
5,"aaaaaaa","bbbbbb"
6,"aaaaaaa","bbbbbb"
7,"aaaaaaa","bbbbbb"
8,"aaaaaaa","bbbbbb"
9,"aaaaaaa","bbbbbb"
10,"aaaaaaa","bbbbbb"
11,"aaaaaaa","bbbbbb"
12,"aaaaaaa","bbbbbb"
13,"aaaaaaa","bbbbbb"
14,"aaaaaaa","bbbbbb"
15,"aaaaaaa","bbbbbb"
16,"aaaaaaa","bbbbbb"
17,"aaaaaaa","bbbbbb"
18,"aaaaaaa","bbbbbb"
19,"aaaaaaa","bbbbbb"
20,"aaaaaaa","bbbbbb"
21,"aaaaaaa","bbbbbb"
22,"aaaaaaa","bbbbbb"
23,"aaaaaaa","bbbbbb"
24,"aaaaaaa","bbbbbb"
25,"aaaaaaa","bbbbbb"
26,"aaaaaaa","bbbbbb"
27,"aaaaaaa","bbbbbb"
28,"aaaaaaa","bbbbbb"
29,"aaaaaaa","bbbbbb"
30,"aaaaaaa","bbbbbb"
31,"aaaaaaa","bbbbbb"
32,"aaaaaaa","bbbbbb"
33,"aaaaaaa","bbbbbb"
34,"aaaaaaa","bbbbbb"
35,"aaaaaaa","bbbbbb"
36,"aaaaaaa","bbbbbb"
37,"aaaaaaa","bbbbbb"
38,"aaaaaaa","bbbbbb"
39,"aaaaaaa","bbbbbb"
40,"aaaaaaa","bbbbbb"
41,"aaaaaaa","bbbbbb"
42,"aaaaaaa","bbbbbb"
43,"aaaaaaa","bbbbbb"
44,"aaaaaaa","bbbbbb"
45,"aaaaaaa","bbbbbb"
46,"aaaaaaa","bbbbbb"
47,"aaaaaaa","bbbbbb"
48,"aaaaaaa","bbbbbb"
49,"aaaaaaa","bbbbbb"
50,"aaaaaaa","bbbbbb"
51,"aaaaaaa","bbbbbb"
52,"aaaaaaa","bbbbbb"
53,"aaaaaaa","bbbbbb"
54,"aaaaaaa","bbbbbb"
55,"aaaaaaa","bbbbbb"
56,"aaaaaaa","bbbbbb"
57,"aaaaaaa","bbbbbb"
58,"aaaaaaa","bbbbbb"
59,"aaaaaaa","bbbbbb"
60,"aaaaaaa","bbbbbb"
61,"aaaaaaa","bbbbbb"
62,"aaaaaaa","bbbbbb"
63,"aaaaaaa","bbbbbb"
64,"aaaaaaa","bbbbbb"
65,"aaaaaaa","bbbbbb"
66,"aaaaaaa","bbbbbb"
67,"aaaaaaa","bbbbbb"
68,"aaaaaaa","bbbbbb"
69,"aaaaaaa","bbbbbb"
70,"aaaaaaa","bbbbbb"
71,"aaaaaaa","bbbbbb"
72,"aaaaaaa","bbbbbb"
73,"aaaaaaa","bbbbbb"
74,"aaaaaaa","bbbbbb"
75,"aaaaaaa","bbbbbb"
76,"aaaaaaa","bbbbbb"
77,"aaaaaaa","bbbbbb"
78,"aaaaaaa","bbbbbb"
79,"aaaaaaa","bbbbbb"
80,"aaaaaaa","bbbbbb"
81,"aaaaaaa","bbbbbb"
82,"aaaaaaa","bbbbbb"
83,"aaaaaaa","bbbbbb"
84,"aaaaaaa","bbbbbb"
85,"aaaaaaa","bbbbbb"
86,"aaaaaaa","bbbbbb"
87,"aaaaaaa","bbbbbb"
88,"aaaaaaa","bbbbbb"
89,"aaaaaaa","bbbbbb"
90,"aaaaaaa","bbbbbb"
91,"aaaaaaa","bbbbbb"
92,"aaaaaaa","bbbbbb"
93,"aaaaaaa","bbbbbb"
94,"aaaaaaa","bbbbbb"
95,"aaaaaaa","bbbbbb"
96,"aaaaaaa","bbbbbb"
97,"aaaaaaa","bbbbbb"
98,"aaaaaaa","bbbbbb"
99,"aaaaaaa","bbbbbb"
100,"aaaaaaa","bbbbbb"